epoch,step,min,max,mean,std
1,10000,-0.01615724340081215,0.009821810759603977,0.0002202726755058393,0.0031012636609375477
