epoch,step,min,max,mean,std
1,10000,-1.2619843482971191,1.0434482097625732,0.0026782811619341373,0.08834433555603027
