epoch,step,min,max,mean,std
1,10000,-0.7450512051582336,0.37220534682273865,0.0030921869911253452,0.10352790355682373
