epoch,step,min,max,mean,std
1,10000,-4.072323322296143,4.5055670738220215,0.0,0.26923903822898865
