epoch,step,min,max,mean,std
1,10000,-0.0055245812982320786,0.006452890578657389,8.266522490885109e-05,0.001091672689653933
