epoch,step,min,max,mean,std
1,10000,-0.03582213819026947,0.028175992891192436,8.940696516468449e-10,0.014736635610461235
