epoch,step,min,max,mean,std
1,10000,-0.0026147491298615932,0.0014759005280211568,1.563768819323741e-05,0.000506918178871274
