epoch,step,min,max,mean,std
1,10000,-0.01863984391093254,0.012208705767989159,-0.0036698111798614264,0.008436466567218304
