epoch,step,min,max,mean,std
1,10000,-0.02211596444249153,0.018751438707113266,-0.0009615087765268981,0.009294919669628143
