epoch,step,min,max,mean,std
1,10000,-0.802753746509552,0.7094361186027527,0.0004487637197598815,0.07381029427051544
