epoch,step,min,max,mean,std
1,10000,-0.0037394545506685972,0.0038507776334881783,1.632059138501063e-06,0.0009816201636567712
