epoch,step,min,max,mean,std
1,10000,-1.349871039390564,0.8433712124824524,-0.01721116527915001,0.11481636762619019
