epoch,step,min,max,mean,std
1,10000,-0.26589375734329224,0.2861427366733551,-0.0004634827491827309,0.07569635659456253
