epoch,step,min,max,mean,std
1,10000,-0.0017168737249448895,0.001440992928110063,2.022700027737301e-05,0.0003795080410782248
