epoch,step,min,max,mean,std
1,10000,-0.3235020935535431,0.29697802662849426,0.0028978721238672733,0.06806816905736923
