epoch,step,min,max,mean,std
1,10000,-0.0013512728037312627,0.0015161510091274977,-7.529798040195601e-06,0.0003941761387977749
