epoch,step,min,max,mean,std
1,10000,-0.004080955870449543,0.0038934580516070127,2.6289650122635067e-05,0.0008705735672265291
