epoch,step,min,max,mean,std
1,10000,-2.2234086990356445,1.7688312530517578,-0.002566054230555892,0.15645664930343628
