epoch,step,min,max,mean,std
1,10000,-0.7019792795181274,0.7172611951828003,0.001624265918508172,0.07036836445331573
