epoch,step,min,max,mean,std
1,10000,-0.00032078789081424475,0.0003061525640077889,5.305604645400308e-06,0.00013018518802709877
