epoch,step,min,max,mean,std
1,10000,-0.02834409475326538,0.038382288068532944,4.8226851504296064e-05,0.010212918743491173
