epoch,step,min,max,mean,std
1,10000,-0.005370338913053274,-0.005370338913053274,-0.005370338913053274,0.0
