epoch,step,min,max,mean,std
1,10000,-0.00015309058653656393,0.00020730477990582585,2.9111532739989343e-07,5.512917414307594e-05
