epoch,step,min,max,mean,std
1,10000,-0.5306341052055359,9.243034583050758e-05,-0.08712375164031982,0.12010885030031204
