epoch,step,min,max,mean,std
1,10000,-0.05849018320441246,0.05582171306014061,0.00024218914040829986,0.009715494699776173
