epoch,step,min,max,mean,std
1,10000,-0.13406617939472198,0.13521452248096466,6.145075894892216e-05,0.037387914955616
