epoch,step,min,max,mean,std
1,10000,-0.0008462403784506023,0.0008327466202899814,-1.7883958207676187e-06,0.0002836292260326445
