epoch,step,min,max,mean,std
1,10000,-0.017690138891339302,0.01310450304299593,-4.4703482582342247e-10,0.008756740018725395
