epoch,step,min,max,mean,std
1,10000,-0.004671534989029169,0.0036914637312293053,-7.150511919462588e-06,0.0006680404185317457
