epoch,step,min,max,mean,std
1,10000,-0.46372362971305847,0.6426708698272705,0.0002410950546618551,0.03901737928390503
