epoch,step,min,max,mean,std
1,10000,-0.7811866998672485,0.9033049941062927,-1.4901161415892261e-09,0.07733713835477829
