epoch,step,min,max,mean,std
1,10000,-0.014049297198653221,0.024658283218741417,0.0023903967812657356,0.009364659897983074
