epoch,step,min,max,mean,std
1,10000,-0.0030411563348025084,0.0037828157655894756,-3.6675919545814395e-06,0.0008681644103489816
