epoch,step,min,max,mean,std
1,10000,-0.6016276478767395,0.7073142528533936,-0.0004084565443918109,0.06576652824878693
