epoch,step,min,max,mean,std
1,10000,-0.22887857258319855,0.1975088268518448,0.0011046926956623793,0.06753313541412354
