epoch,step,min,max,mean,std
1,10000,-0.7891588807106018,0.7992277145385742,0.013332831673324108,0.09901423007249832
