epoch,step,min,max,mean,std
1,10000,-0.1871223896741867,0.21202996373176575,0.0016418749000877142,0.061630621552467346
