epoch,step,min,max,mean,std
1,10000,-0.5846020579338074,0.5248990654945374,-0.000226528849452734,0.05962033569812775
