epoch,step,min,max,mean,std
1,10000,-1.046152949333191,2.0539848804473877,0.021394453942775726,0.15634256601333618
