epoch,step,min,max,mean,std
1,10000,-0.001192206982523203,0.0010345983318984509,-1.2030996003886685e-06,0.00035919478978030384
