epoch,step,min,max,mean,std
1,10000,-0.013619277626276016,0.016153011471033096,0.0019343068124726415,0.007913083769381046
