epoch,step,min,max,mean,std
1,10000,-0.003105936571955681,0.00272836210206151,-1.3875970580556896e-05,0.0007916213944554329
