epoch,step,min,max,mean,std
1,10000,-0.0009980256436392665,0.0011139175621792674,1.2072507161065005e-05,0.00032429772545583546
