epoch,step,min,max,mean,std
1,10000,0.0,4.4234747886657715,0.5514790415763855,0.8975828289985657
