epoch,step,min,max,mean,std
1,10000,-0.4116770327091217,0.40207624435424805,-0.0018639733316376805,0.058660171926021576
