epoch,step,min,max,mean,std
1,10000,0.03675791621208191,0.03675791621208191,0.03675791621208191,0.0
