epoch,step,min,max,mean,std
1,10000,-0.17827706038951874,0.36154797673225403,0.00017248510266654193,0.05628412961959839
