epoch,step,min,max,mean,std
1,10000,-0.0009551863186061382,0.0019371281377971172,1.2716279798041796e-06,0.0003003518795594573
