epoch,step,min,max,mean,std
1,10000,-0.0022420284803956747,0.0021897414699196815,-3.9275641029234976e-05,0.0007682322175242007
