epoch,step,min,max,mean,std
1,10000,-1.2669572830200195,1.2510247230529785,-0.0007685525342822075,0.09504719823598862
