epoch,step,min,max,mean,std
1,10000,-0.4618206322193146,0.46069812774658203,-0.0031996998004615307,0.09538520127534866
