epoch,step,min,max,mean,std
1,10000,-5.944778919219971,2.8438310623168945,1.19209286886246e-09,0.257254958152771
