epoch,step,min,max,mean,std
1,10000,-0.06817369163036346,0.04198018088936806,-4.051253221781792e-10,0.01850241981446743
