epoch,step,min,max,mean,std
1,10000,-0.006648186594247818,0.006185653619468212,-1.731550582917407e-05,0.0011643797624856234
