epoch,step,min,max,mean,std
1,10000,-0.002445673570036888,0.0023120534606277943,-1.5158281712501775e-05,0.0004921816289424896
