epoch,step,min,max,mean,std
1,10000,-0.0011117566609755158,0.0010243118740618229,-1.3016935554333031e-05,0.0002838331274688244
