epoch,step,min,max,mean,std
1,10000,-0.48838701844215393,0.7976884245872498,-8.416356286033988e-05,0.060202352702617645
