epoch,step,min,max,mean,std
1,10000,-1.3907228708267212,1.058867335319519,0.006118940655142069,0.11151259392499924
