epoch,step,min,max,mean,std
1,10000,-0.5826732516288757,0.4880457818508148,0.0015391866909340024,0.054783448576927185
