epoch,step,min,max,mean,std
1,10000,-0.0026065544225275517,0.004022074863314629,-1.2467971828300506e-06,0.0007426547235809267
