epoch,step,min,max,mean,std
1,10000,-0.0029676100239157677,0.0027051004581153393,4.355972487246618e-05,0.0007686789613217115
