epoch,step,min,max,mean,std
1,10000,-0.19768230617046356,0.24071067571640015,-0.0015200712950900197,0.05609782412648201
