epoch,step,min,max,mean,std
1,10000,-0.2802985906600952,0.33616960048675537,0.003033066401258111,0.0683257132768631
