epoch,step,min,max,mean,std
1,10000,-0.0012234383029863238,0.002052860101684928,1.2889606296084821e-05,0.0003414936363697052
