epoch,step,min,max,mean,std
1,10000,-0.01970663107931614,0.015437589958310127,0.0005977754481136799,0.007948635146021843
