epoch,step,min,max,mean,std
1,10000,-0.7999522686004639,1.0589390993118286,0.017889387905597687,0.11709227412939072
