epoch,step,min,max,mean,std
1,10000,-0.014311359263956547,0.015441509895026684,0.0028406342025846243,0.007442256901413202
