epoch,step,min,max,mean,std
1,10000,-0.04391356557607651,-0.04391356557607651,-0.04391356557607651,0.0
