epoch,step,min,max,mean,std
1,10000,-2.017322540283203,0.28248509764671326,-0.011267787776887417,0.1564270555973053
