epoch,step,min,max,mean,std
1,10000,-7.277257919311523,3.15027245960664e-05,-0.7787843942642212,1.2478796243667603
