epoch,step,min,max,mean,std
1,10000,-0.0027391407638788223,0.002555403159931302,9.047120693139732e-05,0.0009808093309402466
