epoch,step,min,max,mean,std
1,10000,-0.009360015392303467,0.0013106801779940724,-5.229948146734387e-05,0.0007257983088493347
