epoch,step,min,max,mean,std
1,10000,-0.5761505365371704,0.5375032424926758,0.005170293152332306,0.08940526843070984
