epoch,step,min,max,mean,std
1,10000,-0.8374260663986206,0.5072697997093201,0.00195436947979033,0.04862397164106369
