epoch,step,min,max,mean,std
1,10000,-0.045471884310245514,0.022886930033564568,9.313225884932663e-11,0.017738115042448044
