epoch,step,min,max,mean,std
1,10000,-0.18880973756313324,0.19435429573059082,0.00033793941838666797,0.05440831556916237
