epoch,step,min,max,mean,std
1,10000,-2.0882201194763184,0.906560480594635,-1.19209286886246e-09,0.1514502316713333
