epoch,step,min,max,mean,std
1,10000,-0.006075388751924038,0.003766469657421112,6.265212141443044e-05,0.0008737854077480733
