epoch,step,min,max,mean,std
1,10000,-0.001349660917185247,0.0015388359315693378,6.698810466332361e-07,0.00037845814949832857
