epoch,step,min,max,mean,std
1,10000,-0.0017396252369508147,0.000911351409740746,5.656723260472063e-06,0.00027486353064887226
