epoch,step,min,max,mean,std
1,10000,-0.003385219257324934,0.004656669683754444,2.2809799702372402e-05,0.0008697144221514463
