epoch,step,min,max,mean,std
1,10000,-0.014105411246418953,0.013399159535765648,-0.0010947090340778232,0.006801445968449116
