epoch,step,min,max,mean,std
1,10000,-0.2979808449745178,0.17156128585338593,0.0014297531452029943,0.05213233828544617
