epoch,step,min,max,mean,std
1,10000,-0.9089588522911072,0.9609137773513794,0.005257331300526857,0.08953320980072021
