epoch,step,min,max,mean,std
1,10000,-0.013260038569569588,0.01600123941898346,0.001018413109704852,0.007948399521410465
