epoch,step,min,max,mean,std
1,10000,-0.8176228404045105,0.8532153367996216,-0.005241398699581623,0.0886707529425621
