epoch,step,min,max,mean,std
1,10000,-0.0026390240527689457,0.0024853250943124294,-1.0518297131056897e-06,0.0006403554580174387
