epoch,step,min,max,mean,std
1,10000,-0.582517683506012,0.4951762557029724,0.0001541321398690343,0.05100274831056595
