epoch,step,min,max,mean,std
1,10000,-0.0011053757043555379,0.0012513460824266076,7.772076060064137e-06,0.00032868917332962155
