epoch,step,min,max,mean,std
1,10000,-0.20740507543087006,0.23487098515033722,0.0011191812809556723,0.061141084879636765
