epoch,step,min,max,mean,std
1,10000,-0.5675029158592224,0.8947035670280457,0.0012235308531671762,0.06525279581546783
