epoch,step,min,max,mean,std
1,10000,-0.00040744905709289014,0.00041052603046409786,-3.2491716410731897e-06,0.00015033158706501126
