epoch,step,min,max,mean,std
1,10000,0.0,1.4049509763717651,0.18496835231781006,0.2945851683616638
