epoch,step,min,max,mean,std
1,10000,0.006674893666058779,0.006674893666058779,0.006674893666058779,0.0
