epoch,step,min,max,mean,std
1,10000,-0.13381075859069824,0.13482122123241425,-0.0002644183114171028,0.020554736256599426
