epoch,step,min,max,mean,std
1,10000,-0.06631377339363098,0.0758482813835144,4.5317428885027766e-05,0.01954473927617073
