epoch,step,min,max,mean,std
1,10000,-0.0002006215217988938,0.0002294675214216113,1.0414100870548282e-07,5.913366112508811e-05
