epoch,step,min,max,mean,std
1,10000,-0.7371739745140076,0.5056268572807312,-0.004986000247299671,0.21311809122562408
