epoch,step,min,max,mean,std
1,10000,-1.8813562393188477,1.3532546758651733,-0.010253501124680042,0.24564360082149506
