epoch,step,min,max,mean,std
1,10000,-1.7103253602981567,1.624910831451416,0.022167205810546875,0.337018758058548
