epoch,step,min,max,mean,std
1,10000,-0.012088151648640633,0.010457593016326427,-0.00017721021140459925,0.0033130275551229715
