epoch,step,min,max,mean,std
1,10000,-0.004630930256098509,0.003162421751767397,-2.6124642317881808e-05,0.001257774536497891
