epoch,step,min,max,mean,std
1,10000,-0.029440559446811676,0.024383727461099625,0.0014110780321061611,0.015722904354333878
