epoch,step,min,max,mean,std
1,10000,-0.0032983117271214724,0.003410750301554799,-3.253933755331673e-05,0.0009188142139464617
