epoch,step,min,max,mean,std
1,10000,-0.5568515062332153,0.5944890975952148,-0.005822907201945782,0.16340237855911255
