epoch,step,min,max,mean,std
1,10000,-22.959178924560547,22.7054500579834,1.0281801188227746e-08,0.65354323387146
