epoch,step,min,max,mean,std
1,10000,-1.6797902584075928,1.838350534439087,0.00739691499620676,0.1648733913898468
