epoch,step,min,max,mean,std
1,10000,-0.00891104619950056,0.00912694726139307,0.0001091535814339295,0.00214341445825994
