epoch,step,min,max,mean,std
1,10000,-0.09553416073322296,0.0644959881901741,1.3597309944657354e-09,0.025122828781604767
