epoch,step,min,max,mean,std
1,10000,-0.0012872839579358697,0.0011656101560220122,6.339923857012764e-07,0.0003082100593019277
