epoch,step,min,max,mean,std
1,10000,-0.18641383945941925,0.1502355933189392,0.0003985562361776829,0.04561728239059448
