epoch,step,min,max,mean,std
1,10000,-0.014881179668009281,0.018849946558475494,-0.0012001334689557552,0.007743173744529486
