epoch,step,min,max,mean,std
1,10000,-0.0008745293598622084,0.0006860889843665063,5.923877779423492e-07,0.00021516111155506223
