epoch,step,min,max,mean,std
1,10000,-0.20557868480682373,0.17357294261455536,0.0018097016727551818,0.055173106491565704
