epoch,step,min,max,mean,std
1,10000,-0.6473501920700073,0.7229523062705994,0.0010498473420739174,0.05699579417705536
