epoch,step,min,max,mean,std
1,10000,-0.002875053556635976,0.0032877568155527115,3.165013185935095e-05,0.0007351242820732296
