epoch,step,min,max,mean,std
1,10000,-0.8487151265144348,1.0959726572036743,8.2862374256365e-05,0.07583630084991455
