epoch,step,min,max,mean,std
1,10000,-0.6218749284744263,1.306617259979248,-0.003604342695325613,0.10027895867824554
