epoch,step,min,max,mean,std
1,10000,-0.5050245523452759,0.5952332615852356,0.0010186175350099802,0.04635883867740631
