epoch,step,min,max,mean,std
1,10000,-0.013453490100800991,0.015535730868577957,-0.0004594573692884296,0.007095023989677429
