epoch,step,min,max,mean,std
1,10000,-0.002288894262164831,0.002531552454456687,1.1359272320987657e-05,0.0005503312568180263
