epoch,step,min,max,mean,std
1,10000,0.0,1.5968217849731445,0.19496019184589386,0.32204514741897583
