epoch,step,min,max,mean,std
1,10000,-0.07836775481700897,0.07355400174856186,-0.0002175734261982143,0.021687356755137444
