epoch,step,min,max,mean,std
1,10000,-0.00033043225994333625,0.000310135685140267,-9.121898187913757e-07,9.143969509750605e-05
