epoch,step,min,max,mean,std
1,10000,-0.0005697458982467651,0.0005599346477538347,-3.4058116398227867e-06,0.0002405092236585915
