epoch,step,min,max,mean,std
1,10000,0.009773422963917255,0.009773422963917255,0.009773422963917255,0.0
