epoch,step,min,max,mean,std
1,10000,-0.13505278527736664,0.13272714614868164,-0.0001907927799038589,0.02236441895365715
