epoch,step,min,max,mean,std
1,10000,-0.04973071068525314,0.027837224304676056,2.60770322002557e-10,0.01631467230618
