epoch,step,min,max,mean,std
1,10000,-1.0881431102752686,1.3907045125961304,0.0019624982960522175,0.10910078883171082
