epoch,step,min,max,mean,std
1,10000,-0.49049100279808044,0.2960221469402313,-0.0016499124467372894,0.09329117834568024
