epoch,step,min,max,mean,std
1,10000,-0.005456010811030865,0.006474252324551344,4.213277861708775e-05,0.001370321260765195
