epoch,step,min,max,mean,std
1,10000,-3.9032461643218994,3.0887889862060547,2.38418573772492e-09,0.3105810284614563
