epoch,step,min,max,mean,std
1,10000,-0.002627880312502384,0.001324529410339892,-9.982596566260327e-06,0.0004741012235172093
