epoch,step,min,max,mean,std
1,10000,-0.99214768409729,1.4639836549758911,0.010071702301502228,0.12470409274101257
