epoch,step,min,max,mean,std
1,10000,-0.0035331756807863712,0.004556164611130953,3.312185435788706e-05,0.0008443190017715096
