epoch,step,min,max,mean,std
1,10000,-0.5841531157493591,0.7109341621398926,0.001276221009902656,0.06032371520996094
