epoch,step,min,max,mean,std
1,10000,-0.017924871295690536,0.018588237464427948,0.0007925309473648667,0.008759584277868271
