epoch,step,min,max,mean,std
1,10000,-0.012039483524858952,0.015251459553837776,-0.0008869427256286144,0.00743294321000576
