epoch,step,min,max,mean,std
1,10000,-0.7751429080963135,1.1012535095214844,-0.0014748867833986878,0.09593790024518967
