epoch,step,min,max,mean,std
1,10000,-0.15193690359592438,0.17250734567642212,0.002591304713860154,0.04305947571992874
