epoch,step,min,max,mean,std
1,10000,-0.5101354718208313,0.43967950344085693,0.00036644632928073406,0.044142019003629684
