epoch,step,min,max,mean,std
1,10000,-0.0017900358652696013,0.0011246210196986794,-1.258355587197002e-05,0.0003397127438802272
