epoch,step,min,max,mean,std
1,10000,-0.003143046051263809,0.0027046913746744394,1.7075160940294154e-05,0.0006402510916814208
