epoch,step,min,max,mean,std
1,10000,-0.0009276909404434264,0.0009569197427481413,1.4348951481224503e-05,0.0002400421944912523
