epoch,step,min,max,mean,std
1,10000,-0.3227255642414093,0.26987865567207336,-0.0008369906572625041,0.05926278233528137
