epoch,step,min,max,mean,std
1,10000,-0.30474138259887695,0.25479018688201904,-0.00462039140984416,0.07353181391954422
