epoch,step,min,max,mean,std
1,10000,-0.4214051067829132,0.4209166467189789,-0.0009609175613150001,0.07408753782510757
