epoch,step,min,max,mean,std
1,10000,0.0,5.613071441650391,0.5720204710960388,0.9086527824401855
