epoch,step,min,max,mean,std
1,10000,0.03378884494304657,0.03378884494304657,0.03378884494304657,0.0
