epoch,step,min,max,mean,std
1,10000,-0.002067147521302104,0.002064751461148262,-1.7840487998910248e-05,0.0008501652628183365
