epoch,step,min,max,mean,std
1,10000,-0.0014334016013890505,0.0012410179479047656,-2.1937215933576226e-05,0.00035679200664162636
