epoch,step,min,max,mean,std
1,10000,-0.0019120087381452322,0.0015032856026664376,-7.539975740655791e-06,0.0004088090208824724
