epoch,step,min,max,mean,std
1,10000,-0.03035314939916134,0.022333256900310516,-2.3469328702674375e-09,0.013874986208975315
