epoch,step,min,max,mean,std
1,10000,-0.0022208313457667828,0.0010206974111497402,1.1295723197690677e-05,0.00034072741982527077
