epoch,step,min,max,mean,std
1,10000,-0.687171220779419,0.5978106260299683,0.00224487017840147,0.05209444835782051
