epoch,step,min,max,mean,std
1,10000,-0.0024014473892748356,0.003086926881223917,-3.811308488366194e-05,0.0005307018291205168
