epoch,step,min,max,mean,std
1,10000,-0.556637704372406,0.5470902323722839,-0.0021487714257091284,0.04115824028849602
