epoch,step,min,max,mean,std
1,10000,-0.4792855381965637,0.20067055523395538,0.0017692503752186894,0.0678785964846611
