epoch,step,min,max,mean,std
1,10000,0.0,5.426363945007324,0.6870244741439819,1.0342845916748047
