epoch,step,min,max,mean,std
1,10000,0.0387241393327713,0.0387241393327713,0.0387241393327713,0.0
