epoch,step,min,max,mean,std
1,10000,-0.28272920846939087,0.3517038822174072,0.000419716932810843,0.0794646218419075
