epoch,step,min,max,mean,std
1,10000,-0.43624550104141235,0.6434895992279053,0.017165349796414375,0.20727531611919403
