epoch,step,min,max,mean,std
1,10000,-0.009712893515825272,0.00849235150963068,-7.894329610280693e-05,0.002709526102989912
