epoch,step,min,max,mean,std
1,10000,-0.030840102583169937,0.03509644418954849,0.00029834083397872746,0.015684280544519424
