epoch,step,min,max,mean,std
1,10000,-1.7623794078826904,1.715237021446228,-0.002512594684958458,0.24247948825359344
