epoch,step,min,max,mean,std
1,10000,-2.7074506282806396,2.924636125564575,0.009101011790335178,0.400694876909256
