epoch,step,min,max,mean,std
1,10000,-0.002751243067905307,0.0026475435588508844,7.751371595077217e-05,0.0010431661503389478
