epoch,step,min,max,mean,std
1,10000,-4.894331932067871,1.4924981594085693,-0.01416980754584074,0.3743160665035248
