epoch,step,min,max,mean,std
1,10000,-0.9141266942024231,0.7736073732376099,-0.0017534055514261127,0.057878296822309494
