epoch,step,min,max,mean,std
1,10000,-0.03307780623435974,0.016014644876122475,1.266598714799727e-09,0.010647619143128395
