epoch,step,min,max,mean,std
1,10000,-0.20726630091667175,0.1434001922607422,-0.001001526485197246,0.0499480739235878
