epoch,step,min,max,mean,std
1,10000,-0.00597341125831008,0.003907788544893265,-5.434033300844021e-05,0.0007687796023674309
