epoch,step,min,max,mean,std
1,10000,-3.8658409118652344,1.3456507921218872,4.76837147544984e-09,0.18462754786014557
