epoch,step,min,max,mean,std
1,10000,-0.0010346627095714211,0.0007678201654925942,-8.895585779100657e-06,0.000251380552072078
