epoch,step,min,max,mean,std
1,10000,-0.9148889780044556,0.24211089313030243,-0.008141287602484226,0.1027001142501831
