epoch,step,min,max,mean,std
1,10000,-0.6014847755432129,0.8584426045417786,2.506311284378171e-05,0.0641801580786705
