epoch,step,min,max,mean,std
1,10000,-0.001125889248214662,0.0011511408956721425,1.7258882508031093e-05,0.0003834643284790218
