epoch,step,min,max,mean,std
1,10000,-0.005130812060087919,0.0037038547452539206,8.578392225899734e-06,0.0009493281249888241
