epoch,step,min,max,mean,std
1,10000,-0.0028650888707488775,0.004208140540868044,-4.387182343634777e-06,0.000829668075311929
