epoch,step,min,max,mean,std
1,10000,-1.2903467416763306,1.7495759725570679,-0.00013046205276623368,0.13215191662311554
