epoch,step,min,max,mean,std
1,10000,-0.004328105133026838,0.001253447262570262,-3.354763612151146e-05,0.0004959096550010145
