epoch,step,min,max,mean,std
1,10000,-0.24071867763996124,0.24403540790081024,0.004281907342374325,0.0807662382721901
