epoch,step,min,max,mean,std
1,10000,-1.0440163612365723,0.6875277161598206,0.0004799140151590109,0.08475439995527267
