epoch,step,min,max,mean,std
1,10000,-0.02079535461962223,0.009827177040278912,-0.0031737741082906723,0.00862114503979683
