epoch,step,min,max,mean,std
1,10000,-0.019321193918585777,0.02162044681608677,-0.0003431023797020316,0.009593910537660122
