epoch,step,min,max,mean,std
1,10000,-1.2985528707504272,0.8874340057373047,-0.01592661440372467,0.11514445394277573
