epoch,step,min,max,mean,std
1,10000,-0.13973836600780487,0.05146457627415657,-0.0014224913902580738,0.014475176110863686
