epoch,step,min,max,mean,std
1,10000,-0.0002656665164977312,9.299902740167454e-05,-2.6219031497021206e-06,2.6655856345314533e-05
