epoch,step,min,max,mean,std
1,10000,-0.0020981207489967346,-0.0020981207489967346,-0.0020981207489967346,0.0
