epoch,step,min,max,mean,std
1,10000,-0.7483846545219421,7.699549314565957e-05,-0.09632066637277603,0.14800624549388885
