epoch,step,min,max,mean,std
1,10000,-0.07016972452402115,0.0662575289607048,7.839164754841477e-05,0.01093453448265791
