epoch,step,min,max,mean,std
1,10000,-0.0001279162388527766,0.0001207847089972347,5.41168674317305e-07,4.748510036733933e-05
