epoch,step,min,max,mean,std
1,10000,-0.2563181519508362,0.27945059537887573,-0.0012089235242456198,0.06795206665992737
