epoch,step,min,max,mean,std
1,10000,-0.005342990159988403,0.005623055621981621,-1.613397034816444e-05,0.000978360534645617
