epoch,step,min,max,mean,std
1,10000,-0.8580912351608276,0.6581051349639893,-0.001061138929799199,0.07011876255273819
