epoch,step,min,max,mean,std
1,10000,-0.0014426165726035833,0.0015312519390136003,-7.204222583823139e-06,0.00038818756002001464
