epoch,step,min,max,mean,std
1,10000,-0.02190890535712242,0.031809866428375244,5.308538608694846e-10,0.011603842489421368
