epoch,step,min,max,mean,std
1,10000,-2.270611047744751,3.0299630165100098,-2.98023217215615e-10,0.1703377068042755
