epoch,step,min,max,mean,std
1,10000,-0.8557993173599243,0.8490036725997925,1.1332303984090686e-05,0.07484455406665802
