epoch,step,min,max,mean,std
1,10000,-0.005158332176506519,0.004491445142775774,2.4034288799157366e-05,0.0011199440341442823
