epoch,step,min,max,mean,std
1,10000,-0.6821302175521851,0.23797564208507538,-0.0009106553625315428,0.09761925786733627
