epoch,step,min,max,mean,std
1,10000,-0.02268322743475437,0.02078668773174286,-0.0015611397102475166,0.011108468286693096
