epoch,step,min,max,mean,std
1,10000,-0.003126235678792,0.0012895491672679782,4.5636170398211107e-08,0.0004787790821865201
