epoch,step,min,max,mean,std
1,10000,-0.0036805192939937115,0.0035749184899032116,9.740683708514553e-06,0.0008489257306791842
