epoch,step,min,max,mean,std
1,10000,-1.1484410762786865,0.7609401941299438,0.0014862021198496222,0.08685798943042755
