epoch,step,min,max,mean,std
1,10000,-0.0011085030855610967,0.001198668614961207,1.8708189600147307e-05,0.0003593937726691365
