epoch,step,min,max,mean,std
1,10000,-1.865407943725586,1.782319188117981,-0.006601344794034958,0.15606674551963806
