epoch,step,min,max,mean,std
1,10000,-0.01949184387922287,0.018231239169836044,-0.0009988792007789016,0.00943603366613388
