epoch,step,min,max,mean,std
1,10000,-0.23154088854789734,0.2360401749610901,0.003777179168537259,0.07555904984474182
