epoch,step,min,max,mean,std
1,10000,-2.1900649070739746,2.0090808868408203,-0.002722380217164755,0.16280265152454376
