epoch,step,min,max,mean,std
1,10000,-0.0012836460955440998,0.001009073806926608,-1.0507434126338921e-05,0.00029641290893778205
