epoch,step,min,max,mean,std
1,10000,-0.0017940879333764315,0.0017946477746590972,-1.0249301340081729e-05,0.0007508895942009985
