epoch,step,min,max,mean,std
1,10000,-0.31880486011505127,0.31890422105789185,-0.0004915912286378443,0.056620340794324875
