epoch,step,min,max,mean,std
1,10000,-0.23942866921424866,0.18821483850479126,-0.0019343143794685602,0.05528510361909866
