epoch,step,min,max,mean,std
1,10000,0.0,3.4019923210144043,0.5412705540657043,0.781781792640686
