epoch,step,min,max,mean,std
1,10000,0.030043654143810272,0.030043654143810272,0.030043654143810272,0.0
