epoch,step,min,max,mean,std
1,10000,-0.06119103357195854,0.04972386732697487,0.000351430760929361,0.03394944593310356
