epoch,step,min,max,mean,std
1,10000,-1.604994297027588,2.4634768962860107,-2.2351742678949904e-09,0.1898835152387619
