epoch,step,min,max,mean,std
1,10000,-0.7132003903388977,0.7824369668960571,0.0014736014418303967,0.06381126493215561
