epoch,step,min,max,mean,std
1,10000,-0.004179430194199085,0.003994808066636324,8.756403985898942e-06,0.0009062873432412744
