epoch,step,min,max,mean,std
1,10000,-0.2789456844329834,0.20436064898967743,0.0028641296084970236,0.0681486576795578
