epoch,step,min,max,mean,std
1,10000,-0.0014038316439837217,0.0012120800092816353,4.215063199808355e-06,0.0003895095724146813
