epoch,step,min,max,mean,std
1,10000,-0.02153421938419342,0.024917390197515488,-4.284083920946813e-10,0.012744152918457985
