epoch,step,min,max,mean,std
1,10000,-0.0023278275039047003,0.00355713558383286,7.862046913942322e-06,0.0005838375072926283
