epoch,step,min,max,mean,std
1,10000,-0.731688916683197,0.8283708095550537,-0.0007418125751428306,0.07976705580949783
