epoch,step,min,max,mean,std
1,10000,-0.010766194202005863,0.019640356302261353,0.0010342102032154799,0.007033872418105602
