epoch,step,min,max,mean,std
1,10000,-0.13668221235275269,0.23948951065540314,0.0025627589784562588,0.04344558343291283
