epoch,step,min,max,mean,std
1,10000,-0.01125083677470684,0.015098382718861103,0.00011493280180729926,0.00753013277426362
