epoch,step,min,max,mean,std
1,10000,-0.7066828608512878,0.45750120282173157,0.00028671615291386843,0.047955311834812164
