epoch,step,min,max,mean,std
1,10000,-0.8667128086090088,1.1348422765731812,0.004000672604888678,0.08771037310361862
