epoch,step,min,max,mean,std
1,10000,-0.0038147326558828354,0.002901619067415595,1.2327297554293182e-05,0.0006385697051882744
