epoch,step,min,max,mean,std
1,10000,-0.0009902874007821083,0.0008547123870812356,5.830890586366877e-06,0.0002671190304681659
