epoch,step,min,max,mean,std
1,10000,-0.0006359888939186931,0.001313811051659286,1.554999289510306e-05,0.00023249341757036746
