epoch,step,min,max,mean,std
1,10000,-0.5013881325721741,0.6375052332878113,0.00010602804832160473,0.047369662672281265
