epoch,step,min,max,mean,std
1,10000,-0.17387990653514862,0.17443589866161346,0.0012870157370343804,0.05350605398416519
