epoch,step,min,max,mean,std
1,10000,-0.0017768200486898422,0.001906515215523541,3.082476723648142e-06,0.00040942392661236227
