epoch,step,min,max,mean,std
1,10000,-0.34754449129104614,0.3729124963283539,0.0006264442345127463,0.0801011398434639
