epoch,step,min,max,mean,std
1,10000,0.0,5.565857410430908,0.780377984046936,1.1807379722595215
