epoch,step,min,max,mean,std
1,10000,-0.5456267595291138,0.5625694990158081,-0.0034153307788074017,0.08994593471288681
