epoch,step,min,max,mean,std
1,10000,-0.002821576315909624,0.0029091897886246443,-7.515758625231683e-05,0.0011487525189295411
