epoch,step,min,max,mean,std
1,10000,0.04683393985033035,0.04683393985033035,0.04683393985033035,0.0
