epoch,step,min,max,mean,std
1,10000,-0.4856865704059601,0.42241373658180237,-0.0005765734240412712,0.1334070861339569
