epoch,step,min,max,mean,std
1,10000,-0.0133120222017169,0.00798364169895649,-2.5450572138652205e-05,0.0018069862853735685
