epoch,step,min,max,mean,std
1,10000,-0.05414905771613121,0.04734762758016586,1.19209286886246e-09,0.025888944044709206
