epoch,step,min,max,mean,std
1,10000,-0.0030650936532765627,0.0025541717186570168,-6.7513183239498176e-06,0.0007572570466436446
