epoch,step,min,max,mean,std
1,10000,-4.180844306945801,4.649446964263916,5.9604645663569045e-09,0.31428465247154236
