epoch,step,min,max,mean,std
1,10000,-0.2933904528617859,0.18382684886455536,-0.005163087043911219,0.06054885312914848
