epoch,step,min,max,mean,std
1,10000,-1.574733853340149,2.116250991821289,0.005356469191610813,0.15474066138267517
