epoch,step,min,max,mean,std
1,10000,-0.0013046785024926066,0.0013882133644074202,1.1096537491539493e-05,0.0004238990950398147
