epoch,step,min,max,mean,std
1,10000,-0.5071194767951965,0.5870063304901123,-0.0013771671801805496,0.061509016901254654
