epoch,step,min,max,mean,std
1,10000,-1.5383561849594116,2.0864553451538086,0.0032232266385108232,0.10557824373245239
