epoch,step,min,max,mean,std
1,10000,-0.24331499636173248,0.26238182187080383,0.0021134682465344667,0.07997117191553116
