epoch,step,min,max,mean,std
1,10000,-0.004909562412649393,0.004214975517243147,2.450462488923222e-06,0.0011516764061525464
