epoch,step,min,max,mean,std
1,10000,-0.015507216565310955,0.026177557185292244,0.001551843248307705,0.01026750449091196
