epoch,step,min,max,mean,std
1,10000,-0.013885809108614922,0.02554817870259285,0.0013198406668379903,0.008448782376945019
