epoch,step,min,max,mean,std
1,10000,-0.0016284838784486055,0.0009612763533368707,-2.6744723072624765e-05,0.00034456950379535556
