epoch,step,min,max,mean,std
1,10000,-0.0032203274313360453,0.003265277948230505,-2.727345417952165e-05,0.000850611599162221
