epoch,step,min,max,mean,std
1,10000,-0.9711440205574036,0.9240887761116028,0.00023933366173878312,0.08583318442106247
