epoch,step,min,max,mean,std
1,10000,-0.05706056207418442,0.07021433860063553,-0.00024239654885604978,0.016063107177615166
