epoch,step,min,max,mean,std
1,10000,-0.7346164584159851,0.0,-0.11101667582988739,0.17049501836299896
