epoch,step,min,max,mean,std
1,10000,-0.012038541957736015,-0.012038541957736015,-0.012038541957736015,0.0
