epoch,step,min,max,mean,std
1,10000,-0.0007394548738375306,0.0007399467285722494,-5.644073553412454e-06,0.0002944079751614481
