epoch,step,min,max,mean,std
1,10000,-0.00042232911800965667,0.0005196862039156258,-1.8113914848072454e-06,0.00011889215238625184
