epoch,step,min,max,mean,std
1,10000,-0.1004762277007103,0.10054304450750351,-0.0001530884183011949,0.014168674126267433
