epoch,step,min,max,mean,std
1,10000,-0.012036962434649467,0.01336495392024517,-0.0001662902650423348,0.003928598947823048
