epoch,step,min,max,mean,std
1,10000,-0.005778550636023283,0.007672527339309454,0.00022783198801334947,0.0014921351103112102
