epoch,step,min,max,mean,std
1,10000,-0.38518568873405457,0.3853214383125305,0.009939410723745823,0.09747661650180817
