epoch,step,min,max,mean,std
1,10000,-1.015702247619629,1.3394700288772583,0.009192122146487236,0.10625188797712326
