epoch,step,min,max,mean,std
1,10000,-0.002010330557823181,0.0022770550567656755,6.471285450970754e-05,0.0005642140749841928
