epoch,step,min,max,mean,std
1,10000,-0.03803498297929764,0.0381634347140789,7.450580430390374e-11,0.022670643404126167
