epoch,step,min,max,mean,std
1,10000,-6.368921279907227,7.457705020904541,-7.1525572131747595e-09,0.4547743797302246
