epoch,step,min,max,mean,std
1,10000,-0.4019438624382019,0.34779298305511475,0.0001219639671035111,0.03262299299240112
