epoch,step,min,max,mean,std
1,10000,-0.0011453847400844097,0.0005195492412894964,-7.783858563925605e-06,0.00019437902665231377
