epoch,step,min,max,mean,std
1,10000,-0.003216284327208996,0.0028434903360903263,-2.2552907466888428e-05,0.0007765408954583108
