epoch,step,min,max,mean,std
1,10000,-0.009370510466396809,0.015286780893802643,0.0014880973612889647,0.00517143914476037
