epoch,step,min,max,mean,std
1,10000,-0.002139008603990078,0.0019626684952527285,-7.433759492414538e-06,0.0004481078067328781
