epoch,step,min,max,mean,std
1,10000,-0.5634152889251709,0.5619261264801025,-0.0016428247326985002,0.062403563410043716
