epoch,step,min,max,mean,std
1,10000,-0.11950753629207611,0.09712346643209457,-0.0015809822361916304,0.031525567173957825
