epoch,step,min,max,mean,std
1,10000,-0.017146321013569832,0.015248589217662811,-0.0005835773190483451,0.006906197872012854
