epoch,step,min,max,mean,std
1,10000,-1.0753573179244995,1.229616403579712,0.007773380260914564,0.06798063963651657
