epoch,step,min,max,mean,std
1,10000,-1.4535696506500244,0.900043249130249,-0.0020111589692533016,0.09932011365890503
