epoch,step,min,max,mean,std
1,10000,-0.001138955820351839,0.0011485033901408315,-1.4836105037829839e-05,0.00031709353788755834
