epoch,step,min,max,mean,std
1,10000,-0.22740806639194489,0.1971881091594696,-0.003455601865425706,0.06177779659628868
