epoch,step,min,max,mean,std
1,10000,-0.002476287540048361,0.002507929690182209,-8.97342397365719e-06,0.0009248253190889955
