epoch,step,min,max,mean,std
1,10000,-0.0012454295065253973,0.001300545991398394,-5.952347237325739e-08,0.00041504233377054334
