epoch,step,min,max,mean,std
1,10000,-5.221458911895752,0.0,-0.7069860100746155,1.0896975994110107
