epoch,step,min,max,mean,std
1,10000,-0.2678215205669403,0.27967384457588196,-1.2802018318325281e-05,0.08925211429595947
