epoch,step,min,max,mean,std
1,10000,-0.526396632194519,0.5331229567527771,-0.00047809863463044167,0.07921066880226135
