epoch,step,min,max,mean,std
1,10000,-0.04057381674647331,-0.04057381674647331,-0.04057381674647331,0.0
