epoch,step,min,max,mean,std
1,10000,-0.48250171542167664,0.4284283220767975,-0.0031619251240044832,0.12780973315238953
