epoch,step,min,max,mean,std
1,10000,-0.006943792570382357,0.009136001579463482,0.00010287111217621714,0.0015671978471800685
