epoch,step,min,max,mean,std
1,10000,-6.879635810852051,3.8553218841552734,-3.5762786065873797e-09,0.3478359878063202
