epoch,step,min,max,mean,std
1,10000,-0.04223894700407982,0.029271092265844345,-7.450580430390374e-11,0.017229776829481125
