epoch,step,min,max,mean,std
1,10000,-0.002276755403727293,0.0020951186306774616,-2.103671431541443e-05,0.000611668627243489
