epoch,step,min,max,mean,std
1,10000,-1.6139650344848633,1.7186380624771118,0.005575923714786768,0.1310766041278839
