epoch,step,min,max,mean,std
1,10000,-0.806515097618103,0.6607868671417236,0.0012506884522736073,0.06970277428627014
