epoch,step,min,max,mean,std
1,10000,-0.0009493539691902697,0.0009677913039922714,7.995595296961255e-07,0.00031795306131243706
