epoch,step,min,max,mean,std
1,10000,-0.22436858713626862,0.19475874304771423,-0.00016890233382582664,0.06916530430316925
