epoch,step,min,max,mean,std
1,10000,-0.01805398426949978,0.0214264877140522,-0.0008241111063398421,0.0094733452424407
