epoch,step,min,max,mean,std
1,10000,-0.0016885721124708652,0.0012105980422347784,5.467565642902628e-06,0.00040816477849148214
