epoch,step,min,max,mean,std
1,10000,-1.0432683229446411,0.8468952775001526,-0.0019831464160233736,0.07407046109437943
