epoch,step,min,max,mean,std
1,10000,-1.3811652660369873,1.8649672269821167,-0.004242486786097288,0.14407341182231903
