epoch,step,min,max,mean,std
1,10000,-0.004487003665417433,0.0037941974587738514,4.3993888539262116e-05,0.0008994140662252903
