epoch,step,min,max,mean,std
1,10000,-0.004075588192790747,0.0036243563517928123,-3.5090066376142204e-05,0.0008082138956524432
