epoch,step,min,max,mean,std
1,10000,-0.29714998602867126,0.2561816871166229,0.00030004046857357025,0.08048952370882034
