epoch,step,min,max,mean,std
1,10000,-0.02022477611899376,0.011887689121067524,-0.0030608701054006815,0.008344857022166252
