epoch,step,min,max,mean,std
1,10000,-1.7792460918426514,1.1652636528015137,-0.013631944544613361,0.11083398759365082
