epoch,step,min,max,mean,std
1,10000,-0.0017660589655861259,0.0024127077776938677,-1.7349133486277424e-05,0.0005382280214689672
