epoch,step,min,max,mean,std
1,10000,0.0,5.446197509765625,0.7728638648986816,1.181311845779419
