epoch,step,min,max,mean,std
1,10000,-0.5921478867530823,0.6023861169815063,0.003274936228990555,0.09447335451841354
