epoch,step,min,max,mean,std
1,10000,0.055117253214120865,0.055117253214120865,0.055117253214120865,0.0
