epoch,step,min,max,mean,std
1,10000,-0.003242975566536188,0.0032990449108183384,7.702914444962516e-05,0.001300700823776424
