epoch,step,min,max,mean,std
1,10000,-0.328713595867157,0.45099225640296936,-0.0033562243916094303,0.10048988461494446
