epoch,step,min,max,mean,std
1,10000,-0.774998128414154,0.7517189383506775,0.0015599653124809265,0.06715606898069382
