epoch,step,min,max,mean,std
1,10000,-3.2611193656921387,1.7719426155090332,-1.7881394143159923e-08,0.19820520281791687
