epoch,step,min,max,mean,std
1,10000,-0.013593129813671112,0.00843721628189087,-0.0035394292790442705,0.00620872201398015
