epoch,step,min,max,mean,std
1,10000,-0.0036537498235702515,0.003163667628541589,6.339632091112435e-05,0.0007375825080089271
