epoch,step,min,max,mean,std
1,10000,-0.34209930896759033,0.23105737566947937,-0.0011705516371876001,0.0529944933950901
