epoch,step,min,max,mean,std
1,10000,-0.0014670912642031908,0.000985462567768991,-5.358562702895142e-06,0.00025438741431571543
