epoch,step,min,max,mean,std
1,10000,-1.0383416414260864,0.8711531162261963,-0.012504955753684044,0.0905851349234581
