epoch,step,min,max,mean,std
1,10000,-0.4505315124988556,0.4397510588169098,-0.0007537406636402011,0.07202751934528351
