epoch,step,min,max,mean,std
1,10000,-0.060162197798490524,0.036970604211091995,-1.415610295651959e-09,0.023356420919299126
