epoch,step,min,max,mean,std
1,10000,-0.0019818213768303394,0.0015559563180431724,4.291300137992948e-05,0.0005150907090865076
