epoch,step,min,max,mean,std
1,10000,-0.9358010292053223,1.7729802131652832,0.005714315455406904,0.10777699202299118
