epoch,step,min,max,mean,std
1,10000,-6.033501625061035,3.412374258041382,-1.4305114426349519e-08,0.3971715271472931
