epoch,step,min,max,mean,std
1,10000,-0.41069114208221436,0.31524744629859924,0.007640891708433628,0.10334482789039612
