epoch,step,min,max,mean,std
1,10000,-0.004994966555386782,0.008150245994329453,0.0001191710471175611,0.0012413653312250972
