epoch,step,min,max,mean,std
1,10000,-0.268000990152359,0.34929555654525757,0.0006054635159671307,0.08024033904075623
