epoch,step,min,max,mean,std
1,10000,-0.002310286508873105,0.0029846623074263334,-6.317285624390934e-06,0.0005690610851161182
