epoch,step,min,max,mean,std
1,10000,-0.004542962647974491,0.004316598176956177,-6.827065590186976e-06,0.0009826042223721743
