epoch,step,min,max,mean,std
1,10000,-0.015105599537491798,0.02858983911573887,0.001736124511808157,0.009472097270190716
