epoch,step,min,max,mean,std
1,10000,-0.7736570239067078,0.4254100024700165,-0.011450753547251225,0.07252172380685806
