epoch,step,min,max,mean,std
1,10000,-0.19076737761497498,0.17423856258392334,-0.0013307597255334258,0.05127710849046707
