epoch,step,min,max,mean,std
1,10000,-0.014555766247212887,0.009062265045940876,-0.0021104381885379553,0.006311709992587566
