epoch,step,min,max,mean,std
1,10000,-1.0705524682998657,1.73905348777771,0.006004730239510536,0.14365792274475098
