epoch,step,min,max,mean,std
1,10000,-0.0014243260957300663,0.0019324091263115406,4.431545676197857e-06,0.0003868101048283279
