epoch,step,min,max,mean,std
1,10000,-0.5930132269859314,0.6213290691375732,-0.0001747456844896078,0.04768303781747818
