epoch,step,min,max,mean,std
1,10000,-0.8448211550712585,0.8335634469985962,0.00021998310694471002,0.08287061750888824
