epoch,step,min,max,mean,std
1,10000,-0.0009659533388912678,0.0008135495590977371,-6.99502561474219e-06,0.00024723951355554163
