epoch,step,min,max,mean,std
1,10000,-0.5070424675941467,0.4952814280986786,-0.0013243088033050299,0.08768371492624283
