epoch,step,min,max,mean,std
1,10000,0.0,6.796069622039795,0.912659764289856,1.421208143234253
