epoch,step,min,max,mean,std
1,10000,-0.0025412666145712137,0.00248232064768672,-2.222825787612237e-05,0.000961310404818505
