epoch,step,min,max,mean,std
1,10000,0.041519634425640106,0.041519634425640106,0.041519634425640106,0.0
