epoch,step,min,max,mean,std
1,10000,-0.29933834075927734,0.718670129776001,0.00455008540302515,0.09929446130990982
