epoch,step,min,max,mean,std
1,10000,-0.0014938469976186752,0.0035865078680217266,2.2702497517457232e-05,0.0004955267067998648
