epoch,step,min,max,mean,std
1,10000,-1.4104981422424316,1.4735064506530762,-0.0355566032230854,0.3837679922580719
