epoch,step,min,max,mean,std
1,10000,-0.0069130766205489635,0.0067677488550543785,6.039485379005782e-05,0.0014661060413345695
