epoch,step,min,max,mean,std
1,10000,-0.9341250061988831,1.058677315711975,0.0023887567222118378,0.08853945881128311
