epoch,step,min,max,mean,std
1,10000,-0.23239411413669586,0.2969795763492584,0.011250130832195282,0.0803045704960823
