epoch,step,min,max,mean,std
1,10000,-0.04212004691362381,0.02996741235256195,-7.450580707946131e-10,0.017308495938777924
