epoch,step,min,max,mean,std
1,10000,-3.1561412811279297,2.3320071697235107,-4.76837147544984e-09,0.2687418758869171
