epoch,step,min,max,mean,std
1,10000,-0.0015786892035976052,0.002097968477755785,7.710301724728197e-05,0.0005638170405291021
