epoch,step,min,max,mean,std
1,10000,-0.38999295234680176,0.2653391659259796,0.003099626861512661,0.08066397905349731
