epoch,step,min,max,mean,std
1,10000,-0.013809937983751297,0.022566791623830795,0.0012034273240715265,0.009319392964243889
