epoch,step,min,max,mean,std
1,10000,-1.2402242422103882,2.350785255432129,0.00795375183224678,0.1449105143547058
