epoch,step,min,max,mean,std
1,10000,-0.6770657896995544,0.6196471452713013,0.0013103429228067398,0.061637070029973984
