epoch,step,min,max,mean,std
1,10000,-0.21533799171447754,0.28758004307746887,-0.00015360541874542832,0.06521933525800705
