epoch,step,min,max,mean,std
1,10000,-0.0035014753229916096,0.00448400154709816,2.934861731773708e-05,0.0009393098880536854
