epoch,step,min,max,mean,std
1,10000,-0.6511444449424744,0.714440643787384,-0.00310382223688066,0.0755431205034256
