epoch,step,min,max,mean,std
1,10000,-0.0011833078460767865,0.0015439067501574755,1.5448385966010392e-06,0.00038009873242117465
