epoch,step,min,max,mean,std
1,10000,-0.0025274259969592094,0.0016482279170304537,1.5379631804535165e-05,0.00046237208880484104
