epoch,step,min,max,mean,std
1,10000,-0.021864350885152817,0.01862649992108345,-0.0015810062177479267,0.009410557337105274
