epoch,step,min,max,mean,std
1,10000,-0.004119428340345621,0.0037488536909222603,-8.928163879318163e-05,0.0010194575879722834
