epoch,step,min,max,mean,std
1,10000,-1.6402438879013062,1.1316434144973755,-0.006949917878955603,0.09688806533813477
