epoch,step,min,max,mean,std
1,10000,-2.977442741394043,2.557297468185425,-0.0010359319858253002,0.3868868052959442
