epoch,step,min,max,mean,std
1,10000,-0.01552963349968195,0.013338254764676094,-2.1902204025536776e-05,0.0049092392437160015
