epoch,step,min,max,mean,std
1,10000,-0.012445311062037945,0.008718177676200867,-1.0807714716065675e-05,0.001993434503674507
