epoch,step,min,max,mean,std
1,10000,0.2517620623111725,0.2517620623111725,0.2517620623111725,0.0
