epoch,step,min,max,mean,std
1,10000,0.0,33.44831466674805,3.830934762954712,6.728788375854492
