epoch,step,min,max,mean,std
1,10000,-2.4039487838745117,1.6840122938156128,-0.0020876354537904263,0.3850539028644562
