epoch,step,min,max,mean,std
1,10000,-0.005128772463649511,0.005233590491116047,5.516249075299129e-05,0.001099772984161973
