epoch,step,min,max,mean,std
1,10000,-0.3290131092071533,0.2501983046531677,-0.001678085420280695,0.06850410252809525
