epoch,step,min,max,mean,std
1,10000,-0.9728865623474121,0.36910757422447205,-0.017265044152736664,0.0760156512260437
