epoch,step,min,max,mean,std
1,10000,-0.02077770046889782,0.011240589432418346,-0.0019152327440679073,0.007848670706152916
