epoch,step,min,max,mean,std
1,10000,-0.0023732814006507397,0.0023164930753409863,-1.4872532119625248e-05,0.0008980475249700248
