epoch,step,min,max,mean,std
1,10000,-0.001464900909923017,0.001822279067710042,2.238905381091172e-06,0.000411647604778409
