epoch,step,min,max,mean,std
1,10000,-4.5470147132873535,5.259144306182861,0.004619991406798363,0.5461168885231018
