epoch,step,min,max,mean,std
1,10000,-2.119333505630493,0.9560347199440002,0.03599678725004196,0.42253994941711426
