epoch,step,min,max,mean,std
1,10000,-0.08742538094520569,0.04922161251306534,-0.004760163836181164,0.044130999594926834
