epoch,step,min,max,mean,std
1,10000,-6.696350574493408,3.0121264457702637,-0.039565157145261765,0.7677369117736816
