epoch,step,min,max,mean,std
1,10000,-0.032105304300785065,0.02605142816901207,-0.0005048450548201799,0.008360396139323711
