epoch,step,min,max,mean,std
1,10000,-2.293052911758423,3.224776268005371,0.05043461173772812,0.44545888900756836
