epoch,step,min,max,mean,std
1,10000,-0.018358374014496803,0.02490222081542015,0.0011783443624153733,0.007197666447609663
