epoch,step,min,max,mean,std
1,10000,-0.03143194317817688,0.022366825491189957,2.4586916946844894e-09,0.014425831846892834
