epoch,step,min,max,mean,std
1,10000,-0.9378247261047363,0.6731672883033752,0.001504639396443963,0.05578242987394333
