epoch,step,min,max,mean,std
1,10000,-0.1676885336637497,0.23957321047782898,0.006457157898694277,0.058129750192165375
