epoch,step,min,max,mean,std
1,10000,-0.0050500864163041115,0.00452326750382781,4.244391675456427e-05,0.0010285215685144067
