epoch,step,min,max,mean,std
1,10000,-1.835549235343933,1.5937621593475342,1.5497207073167374e-08,0.20350301265716553
