epoch,step,min,max,mean,std
1,10000,-0.0012949653901159763,0.0013675993541255593,4.605712092597969e-05,0.0003970861143898219
