epoch,step,min,max,mean,std
1,10000,-0.7608926892280579,0.5136191248893738,-0.003193166572600603,0.060187824070453644
