epoch,step,min,max,mean,std
1,10000,-0.8641846179962158,1.8427520990371704,0.01779334247112274,0.1422264724969864
