epoch,step,min,max,mean,std
1,10000,-0.004741865675896406,0.003929572645574808,-6.813024810981005e-05,0.0008339349296875298
