epoch,step,min,max,mean,std
1,10000,-0.0042270938865840435,0.0049242195673286915,2.187495556427166e-05,0.0010980006773024797
