epoch,step,min,max,mean,std
1,10000,-0.011525731533765793,0.02302611619234085,0.006013084203004837,0.008162735030055046
