epoch,step,min,max,mean,std
1,10000,-0.0011661951430141926,0.003872600616887212,2.8764914532075636e-05,0.00046825598110444844
