epoch,step,min,max,mean,std
1,10000,-0.8716604709625244,0.8572746515274048,0.0010878653265535831,0.0796675980091095
