epoch,step,min,max,mean,std
1,10000,-0.0018742550164461136,0.006268911063671112,2.5900742912199348e-05,0.0007235908997245133
