epoch,step,min,max,mean,std
1,10000,-0.01143549382686615,0.0272996723651886,0.0032930884044617414,0.009479276835918427
