epoch,step,min,max,mean,std
1,10000,-0.22138720750808716,0.6332562565803528,0.00575654674321413,0.07904618233442307
