epoch,step,min,max,mean,std
1,10000,-0.3743542432785034,1.2615158557891846,0.005096593871712685,0.14022444188594818
