epoch,step,min,max,mean,std
1,10000,-0.6701032519340515,1.1920183897018433,0.028900131583213806,0.10744761675596237
