epoch,step,min,max,mean,std
1,10000,0.0,1.7832984924316406,0.2303200662136078,0.36424392461776733
