epoch,step,min,max,mean,std
1,10000,-0.000997279305011034,0.0009804784785956144,-2.341233084734995e-06,0.0003962561604566872
