epoch,step,min,max,mean,std
1,10000,0.016485633328557014,0.016485633328557014,0.016485633328557014,0.0
