epoch,step,min,max,mean,std
1,10000,-0.12008944898843765,0.11561258137226105,-0.001977987587451935,0.02668577991425991
