epoch,step,min,max,mean,std
1,10000,-0.16895443201065063,0.1661081463098526,-9.031138324644417e-05,0.025290735065937042
