epoch,step,min,max,mean,std
1,10000,-0.0006977961747907102,0.0006717820651829243,-1.165104185929522e-05,0.00015511573292315006
