epoch,step,min,max,mean,std
1,10000,-2.2190675735473633,2.357861042022705,-0.006245453376322985,0.2785937786102295
