epoch,step,min,max,mean,std
1,10000,-0.06714492291212082,0.02425580471754074,-0.0010183226549997926,0.019690779969096184
