epoch,step,min,max,mean,std
1,10000,-0.010477939620614052,0.010754183866083622,-0.000341592647600919,0.0027672583237290382
