epoch,step,min,max,mean,std
1,10000,-4.681142807006836,3.57672119140625,0.0040636612102389336,0.6385670900344849
