epoch,step,min,max,mean,std
1,10000,-0.651830792427063,0.9088833928108215,-0.0029786303639411926,0.3129861652851105
