epoch,step,min,max,mean,std
1,10000,-0.003692313563078642,0.005806621629744768,-7.614449714310467e-06,0.0018078761640936136
