epoch,step,min,max,mean,std
1,10000,-0.04753505066037178,0.018810493871569633,1.7881393032936899e-09,0.014595404267311096
