epoch,step,min,max,mean,std
1,10000,-0.0017993842484429479,0.001666053431108594,-2.931833478214685e-05,0.0004933015443384647
