epoch,step,min,max,mean,std
1,10000,-1.3215479850769043,1.3115891218185425,-0.003524986794218421,0.11352050304412842
