epoch,step,min,max,mean,std
1,10000,-5.2045087814331055,1.9464161396026611,1.3113021779531664e-08,0.27479252219200134
