epoch,step,min,max,mean,std
1,10000,-0.4188774824142456,0.42845678329467773,-0.006626934744417667,0.10803897678852081
