epoch,step,min,max,mean,std
1,10000,-0.006009512580931187,0.0061639454215765,-6.73777685733512e-05,0.0012611564015969634
