epoch,step,min,max,mean,std
1,10000,-0.001041799783706665,0.0012861376162618399,1.3672873137693387e-05,0.0002792389423120767
