epoch,step,min,max,mean,std
1,10000,-0.1973748505115509,0.16841228306293488,0.000757463276386261,0.05926918983459473
