epoch,step,min,max,mean,std
1,10000,-0.6692150831222534,0.6207665801048279,0.002277690451592207,0.0628824457526207
