epoch,step,min,max,mean,std
1,10000,-1.6572256088256836,1.0211787223815918,-0.0011026738211512566,0.08771155029535294
