epoch,step,min,max,mean,std
1,10000,-0.002829154022037983,0.0024819232057780027,-3.372590072103776e-06,0.0006329440511763096
