epoch,step,min,max,mean,std
1,10000,-0.02267320081591606,0.015414789319038391,-0.00018132584227714688,0.008168327622115612
