epoch,step,min,max,mean,std
1,10000,-0.009414450265467167,0.012029437348246574,0.0017092468915507197,0.006683623418211937
