epoch,step,min,max,mean,std
1,10000,-0.003496011486276984,0.0033179670572280884,3.999379987362772e-05,0.000822129484731704
