epoch,step,min,max,mean,std
1,10000,-0.0009968976955860853,0.0008618244319222867,5.031667569710407e-06,0.0003030883090104908
