epoch,step,min,max,mean,std
1,10000,-0.878824770450592,0.7378374338150024,0.0094368364661932,0.09848363697528839
