epoch,step,min,max,mean,std
1,10000,-0.5509974956512451,0.45536336302757263,-0.000607644731644541,0.048722367733716965
