epoch,step,min,max,mean,std
1,10000,-0.15634380280971527,0.3091120719909668,0.0031209790613502264,0.05401358753442764
