epoch,step,min,max,mean,std
1,10000,-0.000651791226118803,0.000871004129294306,-2.9387801987468265e-06,0.00020134059013798833
