epoch,step,min,max,mean,std
1,10000,-0.02253004163503647,-0.02253004163503647,-0.02253004163503647,0.0
