epoch,step,min,max,mean,std
1,10000,-0.2853129506111145,0.2847631275653839,0.0009958365699276328,0.046348895877599716
