epoch,step,min,max,mean,std
1,10000,-2.7175707817077637,0.0,-0.45046138763427734,0.661117434501648
