epoch,step,min,max,mean,std
1,10000,-0.0013635818613693118,0.0013609544839709997,1.9152001186739653e-05,0.0005330185522325337
