epoch,step,min,max,mean,std
1,10000,-0.137466162443161,0.18369925022125244,-0.0006198026239871979,0.04246381297707558
