epoch,step,min,max,mean,std
1,10000,-0.0020953845232725143,0.0018540325108915567,9.77941817836836e-06,0.0004896422033198178
