epoch,step,min,max,mean,std
1,10000,-0.006141028366982937,0.0065424819476902485,-3.600794298108667e-05,0.0013539086794480681
