epoch,step,min,max,mean,std
1,10000,-0.4241160452365875,0.33180472254753113,0.0016444819048047066,0.09194958209991455
