epoch,step,min,max,mean,std
1,10000,-1.0797312259674072,1.058979868888855,-0.0011676712892949581,0.09644873440265656
