epoch,step,min,max,mean,std
1,10000,-5.0316619873046875,4.601518630981445,4.76837147544984e-09,0.3785310387611389
