epoch,step,min,max,mean,std
1,10000,-0.017776353284716606,0.009591455571353436,-0.002403473248705268,0.00767557555809617
