epoch,step,min,max,mean,std
1,10000,-0.9251768589019775,1.3428508043289185,0.0011194160906597972,0.10884803533554077
