epoch,step,min,max,mean,std
1,10000,-0.0033238797914236784,0.0033435202203691006,3.2204450690187514e-05,0.000758094247430563
