epoch,step,min,max,mean,std
1,10000,-0.5555465817451477,0.6820175051689148,0.002048240741714835,0.06001323461532593
