epoch,step,min,max,mean,std
1,10000,-0.21329554915428162,0.2028341442346573,-0.0007528718560934067,0.058606598526239395
