epoch,step,min,max,mean,std
1,10000,-0.016988663002848625,0.02230530045926571,-0.0007700599962845445,0.008127067238092422
