epoch,step,min,max,mean,std
1,10000,-0.0009710494778119028,0.0009181602508760989,-2.205258397225407e-06,0.00027492232038639486
