epoch,step,min,max,mean,std
1,10000,-0.003134738188236952,0.004289498087018728,-1.3175667845644057e-07,0.0008573170634917915
