epoch,step,min,max,mean,std
1,10000,-1.3285433053970337,0.850598156452179,-0.006860944442451,0.09943193942308426
