epoch,step,min,max,mean,std
1,10000,-0.001002390868961811,0.0018120204331353307,1.1212981007702183e-05,0.00034998374758288264
