epoch,step,min,max,mean,std
1,10000,-0.2158995121717453,0.6092497110366821,0.0026530795730650425,0.0729527473449707
