epoch,step,min,max,mean,std
1,10000,-0.5490630865097046,0.7193377017974854,0.0001829202810768038,0.06364023685455322
