epoch,step,min,max,mean,std
1,10000,0.025281816720962524,0.025281816720962524,0.025281816720962524,0.0
