epoch,step,min,max,mean,std
1,10000,-0.0007978951325640082,0.0008376724435947835,3.490842573228292e-06,0.0002212950639659539
