epoch,step,min,max,mean,std
1,10000,-0.1704334020614624,0.17892879247665405,0.0007636727532371879,0.047265488654375076
