epoch,step,min,max,mean,std
1,10000,-0.3159894049167633,0.32567790150642395,-0.0016971665900200605,0.04925651475787163
