epoch,step,min,max,mean,std
1,10000,-0.0014925833093002439,0.001538346754387021,-3.270807792432606e-05,0.0005695861182175577
