epoch,step,min,max,mean,std
1,10000,0.0,2.988933563232422,0.44407737255096436,0.7112878561019897
