epoch,step,min,max,mean,std
1,10000,-0.11465836316347122,0.1129702627658844,0.00027359987143427134,0.03476357460021973
