epoch,step,min,max,mean,std
1,10000,-0.00220806454308331,0.0022952447179704905,5.014177986595314e-06,0.0004608622402884066
