epoch,step,min,max,mean,std
1,10000,-0.0007098967325873673,0.0006449388456530869,5.471618351293728e-06,0.00019050778064411134
