epoch,step,min,max,mean,std
1,10000,-0.4501345753669739,0.44987553358078003,0.00020476841018535197,0.03188276290893555
