epoch,step,min,max,mean,std
1,10000,-0.01856154389679432,0.014509029686450958,-4.656612873077393e-10,0.007526753935962915
