epoch,step,min,max,mean,std
1,10000,-1.2248839139938354,0.9094622135162354,5.9604643443123e-10,0.08368949592113495
