epoch,step,min,max,mean,std
1,10000,-1.6653324365615845,0.9072387218475342,-0.017390988767147064,0.13702502846717834
