epoch,step,min,max,mean,std
1,10000,-0.0034740327391773462,0.001236985670402646,-3.892280801665038e-05,0.00044908744166605175
