epoch,step,min,max,mean,std
1,10000,-0.025182660669088364,0.010663269087672234,-0.0034671148750931025,0.009738086722791195
