epoch,step,min,max,mean,std
1,10000,-0.003324240678921342,0.004386154003441334,-2.1267795091262087e-05,0.0010057869367301464
