epoch,step,min,max,mean,std
1,10000,-0.006548664532601833,0.0019956398755311966,-1.190881448565051e-05,0.000599580118432641
