epoch,step,min,max,mean,std
1,10000,-0.004771950654685497,0.004442077130079269,-2.3429376597050577e-05,0.0010683623841032386
