epoch,step,min,max,mean,std
1,10000,-0.6387672424316406,0.20225267112255096,-0.006547227036207914,0.08052890002727509
