epoch,step,min,max,mean,std
1,10000,-0.6274076104164124,0.6232849955558777,-0.0006574875442311168,0.0692596510052681
