epoch,step,min,max,mean,std
1,10000,-1.0186182260513306,0.9489215612411499,-0.0015474120154976845,0.08548638969659805
