epoch,step,min,max,mean,std
1,10000,-1.0942045450210571,0.44536083936691284,-0.0007997918874025345,0.11149296164512634
