epoch,step,min,max,mean,std
1,10000,-0.023366373032331467,0.0168974157422781,-0.0021176605951040983,0.011681484058499336
