epoch,step,min,max,mean,std
1,10000,-1.4410630464553833,0.9901184439659119,-0.008878202177584171,0.13695743680000305
