epoch,step,min,max,mean,std
1,10000,-0.01467069424688816,0.002857840619981289,-2.903896529460326e-05,0.0013266211608424783
