epoch,step,min,max,mean,std
1,10000,-3.0398943424224854,0.5921853184700012,-0.006216680631041527,0.2748222053050995
