epoch,step,min,max,mean,std
1,10000,-1.3426105976104736,1.3089677095413208,0.0012717776698991656,0.21940210461616516
