epoch,step,min,max,mean,std
1,10000,-0.1068165972828865,-0.1068165972828865,-0.1068165972828865,0.0
