epoch,step,min,max,mean,std
1,10000,-13.061531066894531,0.0,-2.1550474166870117,3.103050470352173
