epoch,step,min,max,mean,std
1,10000,-0.006530818995088339,0.006367174442857504,2.2092026483733207e-05,0.0024545257911086082
