epoch,step,min,max,mean,std
1,10000,-0.0055405027233064175,0.004403595346957445,-1.683212394709699e-05,0.0011308655375614762
