epoch,step,min,max,mean,std
1,10000,-2.8583321571350098,1.2549155950546265,-1.7881393032936899e-09,0.19404453039169312
