epoch,step,min,max,mean,std
1,10000,-0.050495173782110214,0.0196941327303648,7.450580707946131e-10,0.014534063637256622
