epoch,step,min,max,mean,std
1,10000,-0.8815267086029053,0.7697360515594482,-0.0005659127491526306,0.07603050023317337
