epoch,step,min,max,mean,std
1,10000,-0.0017074837815016508,0.0017925084102898836,5.327638064045459e-06,0.00044630488264374435
