epoch,step,min,max,mean,std
1,10000,-0.27835214138031006,0.29341232776641846,-0.0006663021631538868,0.08022545278072357
