epoch,step,min,max,mean,std
1,10000,-0.7550238966941833,0.569939374923706,-0.001264885999262333,0.059195637702941895
