epoch,step,min,max,mean,std
1,10000,-0.14486980438232422,0.12602926790714264,0.0005940678529441357,0.0386560782790184
