epoch,step,min,max,mean,std
1,10000,-0.012164035812020302,0.014898661524057388,-0.00035713237593881786,0.0058142924681305885
