epoch,step,min,max,mean,std
1,10000,-0.3731631934642792,0.5984442830085754,0.0002442144032102078,0.039569415152072906
