epoch,step,min,max,mean,std
1,10000,-0.001027102000080049,0.0014588715275749564,1.8022525182459503e-05,0.00031484413193538785
