epoch,step,min,max,mean,std
1,10000,-0.011419693008065224,0.023127682507038116,0.00129881186876446,0.007893751375377178
