epoch,step,min,max,mean,std
1,10000,-0.618092954158783,0.9211223721504211,9.035840776050463e-05,0.061873652040958405
