epoch,step,min,max,mean,std
1,10000,-0.18593120574951172,0.2675236165523529,0.003842283273115754,0.06215088069438934
