epoch,step,min,max,mean,std
1,10000,-0.0007487161783501506,0.0007246645400300622,4.545196134131402e-06,0.00021880552230868489
