epoch,step,min,max,mean,std
1,10000,-0.002053779549896717,0.0030716462060809135,-3.533038579917047e-06,0.0005182632594369352
