epoch,step,min,max,mean,std
1,10000,-0.0035238158889114857,0.0033770815934985876,-2.1629000912071206e-05,0.0007725529139861465
