epoch,step,min,max,mean,std
1,10000,-0.6091646552085876,1.3819841146469116,0.006597535219043493,0.0820377916097641
