epoch,step,min,max,mean,std
1,10000,-0.302327036857605,0.3099372386932373,-0.0005618111463263631,0.036823663860559464
