epoch,step,min,max,mean,std
1,10000,-0.13930054008960724,0.18955892324447632,0.004501760471612215,0.0418228805065155
