epoch,step,min,max,mean,std
1,10000,-0.0014776497846469283,0.0015148455277085304,-1.408447224093834e-05,0.0005016798968426883
