epoch,step,min,max,mean,std
1,10000,0.024295639246702194,0.024295639246702194,0.024295639246702194,0.0
