epoch,step,min,max,mean,std
1,10000,0.0,2.3976731300354004,0.34603607654571533,0.5630269050598145
