epoch,step,min,max,mean,std
1,10000,-0.0006722529651597142,0.0009147797827608883,2.1724792532040738e-05,0.00020183200831525028
